Workbook
Name Slicer_Region: #N/A
Name Slicer_RiskLevel: #N/A

Sheet Projects
A1: ProjectID | B1: ProjectName | C1: Region | D1: PM | E1: StartDate | F1: EndDate | G1: Budget | H1: ActualSpend | I1: Variance | J1: PercentSpent | K1: ScheduleStatus | L1: RiskLevel
A2: PRJ-001 | B2: Core Banking Migration | C2: Singapore | D2: S. Iyer | E2: 45759 | F2: 45850 | G2: 154000 | H2: 173200 | I2: =G2-H2 -> -19200 | J2: =H2/G2 -> 1.1246753 | K2: Green | L2: Medium
A3: PRJ-002 | B3: Claims Automation | C3: United States | D3: A. Mehta | E3: 45680 | F3: 45953 | G3: 508000 | H3: 304200 | I3: =G3-H3 -> 203800 | J3: =H3/G3 -> 0.5988189 | K3: Green | L3: Low
A4: PRJ-003 | B4: Data Warehouse Modernization | C4: United Kingdom | D4: K. Padilla | E4: 45807 | F4: 45899 | G4: 670000 | H4: 643100 | I4: =G4-H4 -> 26900 | J4: =H4/G4 -> 0.95985075 | K4: Green | L4: Low
A5: PRJ-004 | B5: Customer Portal Revamp | C5: Germany | D5: J. Ncube | E5: 45765 | F5: 45918 | G5: 633000 | H5: 400300 | I5: =G5-H5 -> 232700 | J5: =H5/G5 -> 0.63238547 | K5: Green | L5: Medium
A6: PRJ-005 | B6: Regulatory Reporting Upgrade | C6: Germany | D6: R. Fernandes | E6: 45806 | F6: 45990 | G6: 461000 | H6: 285000 | I6: =G6-H6 -> 176000 | J6: =H6/G6 -> 0.61822126 | K6: Amber | L6: Medium
A7: PRJ-006 | B7: ERP Rollout | C7: United States | D7: M. Choudhury | E7: 45794 | F7: 46070 | G7: 875000 | H7: 673700 | I7: =G7-H7 -> 201300 | J7: =H7/G7 -> 0.76994286 | K7: Amber | L7: Medium
A8: PRJ-007 | B8: Payments Platform Refresh | C8: Brazil | D8: K. Padilla | E8: 45704 | F8: 45885 | G8: 163000 | H8: 155200 | I8: =G8-H8 -> 7800 | J8: =H8/G8 -> 0.95214724 | K8: Green | L8: High
A9: PRJ-008 | B9: HR System Consolidation | C9: South Africa | D9: J. Ncube | E9: 45676 | F9: 45796 | G9: 604000 | H9: 509000 | I9: =G9-H9 -> 95000 | J9: =H9/G9 -> 0.84271523 | K9: Amber | L9: Low
A10: PRJ-009 | B10: Cloud Cost Optimization | C10: South Africa | D10: P. Osei | E10: 45668 | F10: 45788 | G10: 862000 | H10: 810800 | I10: =G10-H10 -> 51200 | J10: =H10/G10 -> 0.94060325 | K10: Amber | L10: Medium
A11: PRJ-010 | B11: Fraud Detection Enhancement | C11: Singapore | D11: L. Duarte | E11: 45785 | F11: 46089 | G11: 150000 | H11: 170700 | I11: =G11-H11 -> -20700 | J11: =H11/G11 -> 1.138 | K11: Red | L11: Medium
A12: PRJ-011 | B12: Supply Chain Visibility | C12: United Kingdom | D12: A. Mehta | E12: 45737 | F12: 46043 | G12: 371000 | H12: 390200 | I12: =G12-H12 -> -19200 | J12: =H12/G12 -> 1.051752 | K12: Red | L12: Low
A13: PRJ-012 | B13: Digital Onboarding | C13: South Africa | D13: L. Duarte | E13: 45701 | F13: 45821 | G13: 585000 | H13: 345900 | I13: =G13-H13 -> 239100 | J13: =H13/G13 -> 0.59128205 | K13: Amber | L13: Low
... A15: PRJ-014 | B15: Network Resilience Program | C15: Germany | D15: P. Osei | E15: 45798 | F15: 46012 | G15: 803000 | H15: 675100 | I15: =G15-H15 -> 127900 | J15: =H15/G15 -> 0.84072229 | K15: Green | L15: High

Sheet Resources
A1: Resource | B1: Project | C1: Month | D1: PlannedHours | E1: BookedHours | F1: Utilization
A2: N. Kowalski | B2: Data Warehouse Modernization | C2: 45778 | D2: 60 | E2: 45 | F2: =E2/D2 -> 0.75
A3: N. Kowalski | B3: Data Warehouse Modernization | C3: 45809 | D3: 60 | E3: 36 | F3: =E3/D3 -> 0.6
A4: N. Kowalski | B4: Data Warehouse Modernization | C4: 45839 | D4: 120 | E4: 86 | F4: =E4/D4 -> 0.71666667
A5: N. Kowalski | B5: Claims Automation | C5: 45658 | D5: 40 | E5: 28 | F5: =E5/D5 -> 0.7
A6: N. Kowalski | B6: Claims Automation | C6: 45689 | D6: 120 | E6: 101 | F6: =E6/D6 -> 0.84166667
A7: N. Kowalski | B7: Claims Automation | C7: 45717 | D7: 120 | E7: 97 | F7: =E7/D7 -> 0.80833333
A8: N. Kowalski | B8: Claims Automation | C8: 45748 | D8: 60 | E8: 63 | F8: =E8/D8 -> 1.05
A9: T. Alvarez | B9: Fraud Detection Enhancement | C9: 45778 | D9: 160 | E9: 179 | F9: =E9/D9 -> 1.11875
A10: T. Alvarez | B10: Fraud Detection Enhancement | C10: 45809 | D10: 100 | E10: 86 | F10: =E10/D10 -> 0.86
A11: T. Alvarez | B11: Fraud Detection Enhancement | C11: 45839 | D11: 100 | E11: 67 | F11: =E11/D11 -> 0.67
A12: T. Alvarez | B12: Fraud Detection Enhancement | C12: 45870 | D12: 160 | E12: 138 | F12: =E12/D12 -> 0.8625
A13: T. Alvarez | B13: Fraud Detection Enhancement | C13: 45901 | D13: 60 | E13: 39 | F13: =E13/D13 -> 0.65
... A93: R. Fernandes | B93: Cloud Cost Optimization | C93: 45778 | D93: 60 | E93: 73 | F93: =E93/D93 -> 1.2166667

Sheet MonthlySpend
A1: ProjectID | B1: ProjectName | C1: Month | D1: ActualSpendThatMonth
A2: PRJ-001 | B2: Core Banking Migration | C2: 45748 | D2: 58250
A3: PRJ-001 | B3: Core Banking Migration | C3: 45778 | D3: 44120
A4: PRJ-001 | B4: Core Banking Migration | C4: 45809 | D4: 38360
A5: PRJ-001 | B5: Core Banking Migration | C5: 45839 | D5: 32460
A6: PRJ-002 | B6: Claims Automation | C6: 45658 | D6: 28440
A7: PRJ-002 | B7: Claims Automation | C7: 45689 | D7: 36630
A8: PRJ-002 | B8: Claims Automation | C8: 45717 | D8: 17460
A9: PRJ-002 | B9: Claims Automation | C9: 45748 | D9: 40700
A10: PRJ-002 | B10: Claims Automation | C10: 45778 | D10: 19480
A11: PRJ-002 | B11: Claims Automation | C11: 45809 | D11: 34320
A12: PRJ-002 | B12: Claims Automation | C12: 45839 | D12: 21270
A13: PRJ-002 | B13: Claims Automation | C13: 45870 | D13: 35450
... A105: PRJ-014 | B105: Network Resilience Program | C105: 45992 | D105: 92660

Sheet Dashboard
B2: Project Financial and Portfolio Tracker: Dashboard
B4: Total Budget | D4: Total Actual Spend | F4: Portfolio % Spent | H4: Red Projects | J4: Avg Utilization
B5: =SUM(Projects!G2:G15) -> 7001000 | D5: =SUM(Projects!H2:H15) -> 5644400 | F5: =SUM(Projects!H2:H15)/SUM(Projects!G2:G15) -> 0.80622768 | H5: =COUNTIF(Projects!K2:K15,"Red") -> 2 | J5: =AVERAGE(Resources!F2:F93) -> 0.90380888
B8: Charts above are PivotCharts with Region and RiskLevel slicers. Supporting PivotTables are below.
B46: Supporting PivotTables (source data behind the charts above)
B48: Row Labels | C48: Budget Amount | D48: Actual Spend | N48: Row Labels | O48: Variance Amount | Z48: Row Labels | AA48: Avg Utilization | AL48: Row Labels | AM48: Project Count | AX48: Row Labels | AY48: Actual Spend
B49: Claims Automation | C49: 508000 | D49: 304200 | N49: Claims Automation | O49: 203800 | Z49: A. Mehta | AA49: 0.77916667 | AL49: Amber | AM49: 5 | AX49: 45658 | AY49: 243430
B50: Cloud Cost Optimization | C50: 862000 | D50: 810800 | N50: Cloud Cost Optimization | O50: 51200 | Z50: J. Ncube | AA50: 0.95702381 | AL50: Green | AM50: 7 | AX50: 45689 | AY50: 307520
B51: Core Banking Migration | C51: 154000 | D51: 173200 | N51: Core Banking Migration | O51: -19200 | Z51: K. Padilla | AA51: 0.98390625 | AL51: Red | AM51: 2 | AX51: 45717 | AY51: 326120
B52: Customer Portal Revamp | C52: 633000 | D52: 400300 | N52: Customer Portal Revamp | O52: 232700 | Z52: L. Duarte | AA52: 0.83404762 | AL52: Grand Total | AM52: 14 | AX52: 45748 | AY52: 730600
B53: Data Warehouse Modernization | C53: 670000 | D53: 643100 | N53: Data Warehouse Modernization | O53: 26900 | Z53: M. Choudhury | AA53: 0.84354167 | AX53: 45778 | AY53: 1027100
B54: Digital Onboarding | C54: 585000 | D54: 345900 | N54: Digital Onboarding | O54: 239100 | Z54: N. Kowalski | AA54: 0.78095238 | AX54: 45809 | AY54: 648600
B55: ERP Rollout | C55: 875000 | D55: 673700 | N55: ERP Rollout | O55: 201300 | Z55: P. Osei | AA55: 1.0261905 | AX55: 45839 | AY55: 499230
B56: Fraud Detection Enhancement | C56: 150000 | D56: 170700 | N56: Fraud Detection Enhancement | O56: -20700 | Z56: R. Fernandes | AA56: 0.95818627 | AX56: 45870 | AY56: 569590
B57: HR System Consolidation | C57: 604000 | D57: 509000 | N57: HR System Consolidation | O57: 95000 | Z57: S. Iyer | AA57: 0.91583333 | AX57: 45901 | AY57: 390370
B58: Master Data Governance | C58: 162000 | D58: 108000 | N58: Master Data Governance | O58: 54000 | Z58: T. Alvarez | AA58: 0.88403646 | AX58: 45931 | AY58: 238350
B59: Network Resilience Program | C59: 803000 | D59: 675100 | N59: Network Resilience Program | O59: 127900 | Z59: Grand Total | AA59: 0.90380888 | AX59: 45962 | AY59: 219190
B60: Payments Platform Refresh | C60: 163000 | D60: 155200 | N60: Payments Platform Refresh | O60: 7800 | AX60: 45992 | AY60: 218950
B61: Regulatory Reporting Upgrade | C61: 461000 | D61: 285000 | N61: Regulatory Reporting Upgrade | O61: 176000 | AX61: 46023 | AY61: 122360
B62: Supply Chain Visibility | C62: 371000 | D62: 390200 | N62: Supply Chain Visibility | O62: -19200 | AX62: 46054 | AY62: 88600
B63: Grand Total | C63: 7001000 | D63: 5644400 | N63: Grand Total | O63: 1356600 | AX63: 46082 | AY63: 14390
AX64: Grand Total | AY64: 5644400
